yes,What courses do I need to take in my Second Year?,The Faculty of Science : Bachelor of Science : Major (0562): Statistics (STAT) : Second Year : Course requirements,,"In your second year, as a Major (0562): Statistics (STAT) student in the Faculty of Science, Bachelor of Science, you need to take the following courses:

* SCIE 001
* MATH 101 or MATH 103 or MATH 105 or MATH 121
* DSCI 100
* 3 credits of STAT 1** or 3 credits of STAT 2**

These courses are prerequisites for the third and fourth years of the program, where you will take courses such as:

* 6 credits of ECON 301 (or 304), 302 (or 305)
* 6 credits of Either (a) ECON 326 and STAT 301 or (b) ECON",1,Test comment
