{
  "base_embedding_model": "sentence-transformers/all-mpnet-base-v2",
  "indexes": {
    "all-triple": {
      "embeddings": [
        "parent_title_embeddings",
        "title_embeddings",
        "document_embeddings"
      ]
    },
    "sc-triple": {
      "faculty": "The Faculty of Science",
      "embeddings": [
        "parent_title_embeddings",
        "title_embeddings",
        "document_embeddings"
      ]
    },
    "none-triple": {
      "faculty": "None",
      "embeddings": [
        "parent_title_embeddings",
        "title_embeddings",
        "document_embeddings"
      ]
    }
  }
}
